Id,Global Input Id,Global Party Id
eyJvcmRlck5vIjoiMDAwMDAxNjAiLCJzaXRlSWQiOiJSZWZBcmNoIn0=,CRE-cre000000000Ap0-giid-fc234536-511b-4e25-bd0e-6266bb5f4be5,CRE-00De0000005WwXvEAK-gpid-9b6c7a1d-2d38-42b1-8696-7d9f0cc8b459
eyJvcmRlck5vIjoiMDAwMDAwMDUiLCJzaXRlSWQiOiJSZWZBcmNoIn0=,CRE-cre000000000Ap0-giid-241e1b79-be74-4e14-8e2b-d7a55de9538e,CRE-00De0000005WwXvEAK-gpid-e2569d79-813d-45ea-86c7-a2658538511f
eyJvcmRlck5vIjoiMDAwMDAwMDMiLCJzaXRlSWQiOiJSZWZBcmNoIn0=,CRE-cre000000000Ap0-giid-2421de03-9754-4af9-9b76-eecb4e61577f,CRE-00De0000005WwXvEAK-gpid-81a56e70-f011-4640-b289-0ea6783be97f
eyJvcmRlck5vIjoiMDAwMDAxNTAiLCJzaXRlSWQiOiJSZWZBcmNoIn0=,CRE-cre000000000Ap0-giid-7d37359b-b518-4136-80e7-82489891583f,CRE-00De0000005WwXvEAK-gpid-d2c5c0b8-beb4-4c90-be48-eaf42653e297
eyJvcmRlck5vIjoiMDAwMDAxMTEiLCJzaXRlSWQiOiJSZWZBcmNoIn0=,CRE-cre000000000Ap0-giid-b0a22e07-7132-4b95-ab3a-09a51c3d0392,CRE-00De0000005WwXvEAK-gpid-6f03be54-8a7d-4d0a-8d58-57f6cf0595c8
eyJjdXN0b21lckxpc3RJZCI6IlJlZkFyY2giLCJjdXN0b21lck5vIjoiMDAwMDA1MTMifQ==,CRE-cre000000000Ap0-giid-51316999-be1d-4c5f-8489-f7f7b2065d32,CRE-00De0000005WwXvEAK-gpid-d0115546-fa88-4a3e-95c9-de5ba80aca15
eyJvcmRlck5vIjoiMDAwMDAxNDQiLCJzaXRlSWQiOiJSZWZBcmNoIn0=,CRE-cre000000000Ap0-giid-71b2a91a-2bf6-47e9-baf7-a2b5778fc811,CRE-00De0000005WwXvEAK-gpid-2b6b7412-c9dd-4bf0-b6d2-166bd1e34425
eyJvcmRlck5vIjoiMDAwMDAxMDQiLCJzaXRlSWQiOiJSZWZBcmNoIn0=,CRE-cre000000000Ap0-giid-db2c8899-c44f-4441-837b-659689411a1e,CRE-00De0000005WwXvEAK-gpid-d65ab37a-dad8-4a58-8e79-ce696e3ea433
eyJvcmRlck5vIjoiMDAwMDAxNTkiLCJzaXRlSWQiOiJSZWZBcmNoIn0=,CRE-cre000000000Ap0-giid-e9343580-8e62-4da1-b561-021a345ca2e5,CRE-00De0000005WwXvEAK-gpid-87c7f126-615f-4095-923c-91331e7d6645
eyJvcmRlck5vIjoiMDAwMDAxMjYiLCJzaXRlSWQiOiJSZWZBcmNoIn0=,CRE-cre000000000Ap0-giid-0b2de610-af15-4c81-b605-afb827ee339a,CRE-00De0000005WwXvEAK-gpid-04dc6e27-ec96-41f2-84e7-6e4e3de0d4b2
eyJvcmRlck5vIjoiMDAwMDAxMDkiLCJzaXRlSWQiOiJSZWZBcmNoIn0=,CRE-cre000000000Ap0-giid-cb136c87-e71e-4660-87a5-059e085f8799,CRE-00De0000005WwXvEAK-gpid-65a611ce-c17a-414d-98b7-0697f5525032
eyJjdXN0b21lckxpc3RJZCI6IlJlZkFyY2giLCJjdXN0b21lck5vIjoiMDAwMDAwMDIifQ==,CRE-cre000000000Ap0-giid-6baded52-e573-4999-95e8-1723c58f8eda,CRE-00De0000005WwXvEAK-gpid-81a56e70-f011-4640-b289-0ea6783be97f
eyJjdXN0b21lckxpc3RJZCI6IlJlZkFyY2giLCJjdXN0b21lck5vIjoiMDAwMDA1MTQifQ==,CRE-cre000000000Ap0-giid-6ac5d564-095a-4eeb-b4b5-4392d71d205d,CRE-00De0000005WwXvEAK-gpid-9f49698d-c71d-48f3-b720-af29b81baecf
eyJvcmRlck5vIjoiMDAwMDAxMzQiLCJzaXRlSWQiOiJSZWZBcmNoIn0=,CRE-cre000000000Ap0-giid-0abb815c-57fd-431b-904b-15a4dc8c14bf,CRE-00De0000005WwXvEAK-gpid-6355e111-244d-40ef-b203-c191f0f4ab7f
eyJvcmRlck5vIjoiMDAwMDAxMTciLCJzaXRlSWQiOiJSZWZBcmNoIn0=,CRE-cre000000000Ap0-giid-8e69456c-a90c-4aed-b218-4b536ea672c9,CRE-00De0000005WwXvEAK-gpid-5b982611-6de6-4325-a6cb-ad00bc632b54
eyJvcmRlck5vIjoiMDAwMDAxMjAiLCJzaXRlSWQiOiJSZWZBcmNoIn0=,CRE-cre000000000Ap0-giid-1afb43c1-a21f-41d5-8522-3005699b5c76,CRE-00De0000005WwXvEAK-gpid-5deef1d5-240c-48b4-9ed1-215895a06d33
eyJvcmRlck5vIjoiMDAwMDAwMDIiLCJzaXRlSWQiOiJSZWZBcmNoIn0=,CRE-cre000000000Ap0-giid-98f40d3f-ec3a-4d07-aea0-5682f3a524ad,CRE-00De0000005WwXvEAK-gpid-81a56e70-f011-4640-b289-0ea6783be97f
eyJjdXN0b21lckxpc3RJZCI6IlJlZkFyY2giLCJjdXN0b21lck5vIjoiMDAwMDA1MTIifQ==,CRE-cre000000000Ap0-giid-ccda0d27-479f-4e5c-97d4-beb000538582,CRE-00De0000005WwXvEAK-gpid-5be80028-2950-4056-858e-caad988417f3
eyJvcmRlck5vIjoiMDAwMDAxMzkiLCJzaXRlSWQiOiJSZWZBcmNoIn0=,CRE-cre000000000Ap0-giid-6a6c47da-023d-498f-bfdd-7bddd992f171,CRE-00De0000005WwXvEAK-gpid-d0115546-fa88-4a3e-95c9-de5ba80aca15
eyJvcmRlck5vIjoiMDAwMDAwMTEiLCJzaXRlSWQiOiJSZWZBcmNoIn0=,CRE-cre000000000Ap0-giid-1b765ce9-3b8d-4da4-940e-6bee596e433b,CRE-00De0000005WwXvEAK-gpid-43988d28-278b-4396-8b33-d78382e32983
eyJvcmRlck5vIjoiMDAwMDAxNDMiLCJzaXRlSWQiOiJSZWZBcmNoIn0=,CRE-cre000000000Ap0-giid-849babd0-9142-4e1d-a225-2d57c24240dc,CRE-00De0000005WwXvEAK-gpid-5be80028-2950-4056-858e-caad988417f3
eyJvcmRlck5vIjoiMDAwMDAxMzYiLCJzaXRlSWQiOiJSZWZBcmNoIn0=,CRE-cre000000000Ap0-giid-7bab34b9-9ed9-480c-90da-feed1e651812,CRE-00De0000005WwXvEAK-gpid-03e67a27-2883-4b9c-bc27-bd48692a9e5f
eyJjdXN0b21lckxpc3RJZCI6IlJlZkFyY2giLCJjdXN0b21lck5vIjoiMDAwMDA1MDkifQ==,CRE-cre000000000Ap0-giid-d9a1a4c4-b986-4a8c-b3ba-610b6f7a2fa1,CRE-00De0000005WwXvEAK-gpid-04dc6e27-ec96-41f2-84e7-6e4e3de0d4b2
eyJjdXN0b21lckxpc3RJZCI6IlJlZkFyY2giLCJjdXN0b21lck5vIjoiMDAwMDA1MTUifQ==,CRE-cre000000000Ap0-giid-7f14562a-52cc-4cbd-8d28-b23ca0135e2b,CRE-00De0000005WwXvEAK-gpid-b88bbcfb-33fd-4e38-86ff-74cf383dc0c2
eyJvcmRlck5vIjoiMDAwMDAxMTIiLCJzaXRlSWQiOiJSZWZBcmNoIn0=,CRE-cre000000000Ap0-giid-85d5c8da-719f-4c17-b29e-321f1c0453d0,CRE-00De0000005WwXvEAK-gpid-65a611ce-c17a-414d-98b7-0697f5525032
eyJjdXN0b21lckxpc3RJZCI6IlJlZkFyY2giLCJjdXN0b21lck5vIjoiMDAwMDA1MTgifQ==,CRE-cre000000000Ap0-giid-8cc4bf66-30ce-419d-a8b7-109d01f22e2f,CRE-00De0000005WwXvEAK-gpid-ca8322ff-34b1-4ee4-8337-07641ef1be41
eyJvcmRlck5vIjoiMDAwMDAwMDciLCJzaXRlSWQiOiJSZWZBcmNoIn0=,CRE-cre000000000Ap0-giid-14af4ffa-d1a1-4766-8db4-818725510b20,CRE-00De0000005WwXvEAK-gpid-af050066-07e4-496e-af43-92bd90941d67
eyJvcmRlck5vIjoiMDAwMDAxNTYiLCJzaXRlSWQiOiJSZWZBcmNoIn0=,CRE-cre000000000Ap0-giid-96f791b3-7346-4bff-8375-e8a2b0b87d68,CRE-00De0000005WwXvEAK-gpid-fc8684a7-1445-4c10-a2d9-efb26df391a5
eyJjdXN0b21lckxpc3RJZCI6IlJlZkFyY2giLCJjdXN0b21lck5vIjoiMDAwMDA1MTYifQ==,CRE-cre000000000Ap0-giid-6cf3e8db-cbfb-4bdd-98bd-8062f96b6b78,CRE-00De0000005WwXvEAK-gpid-fc8684a7-1445-4c10-a2d9-efb26df391a5
eyJvcmRlck5vIjoiMDAwMDAwMDEiLCJzaXRlSWQiOiJSZWZBcmNoIn0=,CRE-cre000000000Ap0-giid-1af19128-37be-4f52-a8dc-01e665c955f6,CRE-00De0000005WwXvEAK-gpid-81a56e70-f011-4640-b289-0ea6783be97f
eyJjdXN0b21lckxpc3RJZCI6IlJlZkFyY2giLCJjdXN0b21lck5vIjoiMDAwMDA1MTAifQ==,CRE-cre000000000Ap0-giid-c77c6978-0674-422e-a803-ad66fed1e712,CRE-00De0000005WwXvEAK-gpid-b36efadd-85b9-47e0-bb63-11292d04a79b
eyJvcmRlck5vIjoiMDAwMDAxNTgiLCJzaXRlSWQiOiJSZWZBcmNoIn0=,CRE-cre000000000Ap0-giid-bc5fab49-5579-4fff-9402-73901540fe8e,CRE-00De0000005WwXvEAK-gpid-87c7f126-615f-4095-923c-91331e7d6645
eyJvcmRlck5vIjoiMDAwMDAxNTciLCJzaXRlSWQiOiJSZWZBcmNoIn0=,CRE-cre000000000Ap0-giid-e77c3743-db90-4ed9-ace6-aea1f3bc1125,CRE-00De0000005WwXvEAK-gpid-0862a86b-6145-42be-a8ae-a04ad3235c85
eyJvcmRlck5vIjoiMDAwMDAxMzEiLCJzaXRlSWQiOiJSZWZBcmNoIn0=,CRE-cre000000000Ap0-giid-f1b110c5-9452-4594-9de8-a1c72806e2bb,CRE-00De0000005WwXvEAK-gpid-b36efadd-85b9-47e0-bb63-11292d04a79b
eyJvcmRlck5vIjoiMDAwMDAwMDYiLCJzaXRlSWQiOiJSZWZBcmNoIn0=,CRE-cre000000000Ap0-giid-53540e26-da54-4dd6-aa53-0627b77b3250,CRE-00De0000005WwXvEAK-gpid-81a56e70-f011-4640-b289-0ea6783be97f
eyJvcmRlck5vIjoiMDAwMDAxMzAiLCJzaXRlSWQiOiJSZWZBcmNoIn0=,CRE-cre000000000Ap0-giid-4dd88fca-1ac1-4d41-9a85-d6f59bee7010,CRE-00De0000005WwXvEAK-gpid-23f5b0e0-bc9d-4a8f-83d1-f30f47bdeb8a
eyJvcmRlck5vIjoiMDAwMDAxMjIiLCJzaXRlSWQiOiJSZWZBcmNoIn0=,CRE-cre000000000Ap0-giid-6fe80b0d-b2f3-4b28-b202-97cf02f45dac,CRE-00De0000005WwXvEAK-gpid-84a888c2-b6ba-46d8-8232-a73580e4cb0d
eyJvcmRlck5vIjoiMDAwMDAxNDYiLCJzaXRlSWQiOiJSZWZBcmNoIn0=,CRE-cre000000000Ap0-giid-712e9737-36b9-448c-824b-c8f9ea7cffd2,CRE-00De0000005WwXvEAK-gpid-9f49698d-c71d-48f3-b720-af29b81baecf
eyJvcmRlck5vIjoiMDAwMDAxMTgiLCJzaXRlSWQiOiJSZWZBcmNoIn0=,CRE-cre000000000Ap0-giid-175ed887-eb2d-4135-ae6e-64312f5e8afd,CRE-00De0000005WwXvEAK-gpid-dbe387ef-bee7-414f-b99b-071e72f71b27
eyJvcmRlck5vIjoiMDAwMDAxMTMiLCJzaXRlSWQiOiJSZWZBcmNoIn0=,CRE-cre000000000Ap0-giid-6bd30cfa-3229-43bb-8b04-e976b2c26231,CRE-00De0000005WwXvEAK-gpid-65a611ce-c17a-414d-98b7-0697f5525032
eyJvcmRlck5vIjoiMDAwMDAwMDgiLCJzaXRlSWQiOiJSZWZBcmNoIn0=,CRE-cre000000000Ap0-giid-fccd53cc-785a-4453-82f4-6f4f3e75ab53,CRE-00De0000005WwXvEAK-gpid-81a56e70-f011-4640-b289-0ea6783be97f
eyJvcmRlck5vIjoiMDAwMDAxMjUiLCJzaXRlSWQiOiJSZWZBcmNoIn0=,CRE-cre000000000Ap0-giid-af664999-b06c-4820-ab20-91fd7b30c8a4,CRE-00De0000005WwXvEAK-gpid-84a888c2-b6ba-46d8-8232-a73580e4cb0d
eyJvcmRlck5vIjoiMDAwMDAxMzIiLCJzaXRlSWQiOiJSZWZBcmNoIn0=,CRE-cre000000000Ap0-giid-6d8d850f-f24f-405b-a2dd-5a5098511482,CRE-00De0000005WwXvEAK-gpid-04dc6e27-ec96-41f2-84e7-6e4e3de0d4b2
eyJvcmRlck5vIjoiMDAwMDAxMDMiLCJzaXRlSWQiOiJSZWZBcmNoIn0=,CRE-cre000000000Ap0-giid-afb2bda5-c028-436f-8e2d-695ce520ecf5,CRE-00De0000005WwXvEAK-gpid-9ff1e0a8-ea85-4247-a207-4656f854021c
eyJvcmRlck5vIjoiMDAwMDAxMjQiLCJzaXRlSWQiOiJSZWZBcmNoIn0=,CRE-cre000000000Ap0-giid-13639ef7-86f7-4936-835c-9687fbd84c2a,CRE-00De0000005WwXvEAK-gpid-84a888c2-b6ba-46d8-8232-a73580e4cb0d
eyJvcmRlck5vIjoiMDAwMDAxNTIiLCJzaXRlSWQiOiJSZWZBcmNoIn0=,CRE-cre000000000Ap0-giid-e2c44240-08e5-4ffc-86a3-c3882748196b,CRE-00De0000005WwXvEAK-gpid-ad503a01-7c62-467c-a826-9be0f9aec118
eyJvcmRlck5vIjoiMDAwMDAxMjkiLCJzaXRlSWQiOiJSZWZBcmNoIn0=,CRE-cre000000000Ap0-giid-d773530a-6031-4d2e-bc15-54f74dae2b69,CRE-00De0000005WwXvEAK-gpid-23f5b0e0-bc9d-4a8f-83d1-f30f47bdeb8a
eyJvcmRlck5vIjoiMDAwMDAxNDkiLCJzaXRlSWQiOiJSZWZBcmNoIn0=,CRE-cre000000000Ap0-giid-a2448b5d-37f2-4960-b061-b354b7218f23,CRE-00De0000005WwXvEAK-gpid-9f49698d-c71d-48f3-b720-af29b81baecf
eyJvcmRlck5vIjoiMDAwMDAxMzgiLCJzaXRlSWQiOiJSZWZBcmNoIn0=,CRE-cre000000000Ap0-giid-92d785fe-6eee-4356-b1ae-a9b472a60f3a,CRE-00De0000005WwXvEAK-gpid-5be80028-2950-4056-858e-caad988417f3
eyJvcmRlck5vIjoiMDAwMDAxMTYiLCJzaXRlSWQiOiJSZWZBcmNoIn0=,CRE-cre000000000Ap0-giid-b51395f5-2060-421f-8b11-b906f2168774,CRE-00De0000005WwXvEAK-gpid-5b982611-6de6-4325-a6cb-ad00bc632b54
eyJvcmRlck5vIjoiMDAwMDAxNjIiLCJzaXRlSWQiOiJSZWZBcmNoIn0=,CRE-cre000000000Ap0-giid-faf822fe-618c-4055-9166-9ef0e125ee56,CRE-00De0000005WwXvEAK-gpid-383f9e69-9c78-4a47-a4db-dab714d654b4
eyJvcmRlck5vIjoiMDAwMDAxMzMiLCJzaXRlSWQiOiJSZWZBcmNoIn0=,CRE-cre000000000Ap0-giid-9957cb2c-b9d2-4c41-9438-0880e575035e,CRE-00De0000005WwXvEAK-gpid-b36efadd-85b9-47e0-bb63-11292d04a79b
eyJvcmRlck5vIjoiMDAwMDAxNDEiLCJzaXRlSWQiOiJSZWZBcmNoIn0=,CRE-cre000000000Ap0-giid-f1b9012a-df9a-42a2-8db2-8b6d9f65c20c,CRE-00De0000005WwXvEAK-gpid-5be80028-2950-4056-858e-caad988417f3
eyJjdXN0b21lckxpc3RJZCI6IlJlZkFyY2giLCJjdXN0b21lck5vIjoiMDAwMDA1MDEifQ==,CRE-cre000000000Ap0-giid-6a7cd238-33af-444b-b28d-6de397a62d38,CRE-00De0000005WwXvEAK-gpid-9617ebfc-b71b-47af-acf2-c5379ef56bf8
eyJvcmRlck5vIjoiMDAwMDAxMTkiLCJzaXRlSWQiOiJSZWZBcmNoIn0=,CRE-cre000000000Ap0-giid-958251b3-0a1d-4532-a192-8a55f2cb024b,CRE-00De0000005WwXvEAK-gpid-14d0fd1c-81b1-4ca0-a9e9-c6b301fef00c
eyJvcmRlck5vIjoiMDAwMDAxMjciLCJzaXRlSWQiOiJSZWZBcmNoIn0=,CRE-cre000000000Ap0-giid-33cda3ef-01b7-46fa-9460-268ec93d4be6,CRE-00De0000005WwXvEAK-gpid-2148206c-6563-40f0-87c4-697d0519d4f4
eyJvcmRlck5vIjoiMDAwMDAxNDUiLCJzaXRlSWQiOiJSZWZBcmNoIn0=,CRE-cre000000000Ap0-giid-41a0d088-92fb-4886-af5b-d12202d4afc5,CRE-00De0000005WwXvEAK-gpid-60ea9ab4-d49d-46e2-8466-f04ed06c9927
eyJvcmRlck5vIjoiMDAwMDAxNDgiLCJzaXRlSWQiOiJSZWZBcmNoIn0=,CRE-cre000000000Ap0-giid-b41e7872-3fce-487a-94f0-f0b70f7c0f00,CRE-00De0000005WwXvEAK-gpid-c1fabe56-6a2e-44bb-a386-7ebef199370a
eyJvcmRlck5vIjoiMDAwMDAxMDEiLCJzaXRlSWQiOiJSZWZBcmNoIn0=,CRE-cre000000000Ap0-giid-4800c9e2-52fc-46ca-bc9e-6ed65878fae1,CRE-00De0000005WwXvEAK-gpid-43988d28-278b-4396-8b33-d78382e32983
eyJvcmRlck5vIjoiMDAwMDAxNTEiLCJzaXRlSWQiOiJSZWZBcmNoIn0=,CRE-cre000000000Ap0-giid-ba737ea1-f4c3-4be8-9a0d-75969d1e65d6,CRE-00De0000005WwXvEAK-gpid-b88bbcfb-33fd-4e38-86ff-74cf383dc0c2
eyJvcmRlck5vIjoiMDAwMDAxMzUiLCJzaXRlSWQiOiJSZWZBcmNoIn0=,CRE-cre000000000Ap0-giid-5ae6372b-263b-4445-b52d-b300bf0d766c,CRE-00De0000005WwXvEAK-gpid-455c672c-a744-454e-a777-56da26f09cf7
eyJjdXN0b21lckxpc3RJZCI6IlJlZkFyY2giLCJjdXN0b21lck5vIjoiMDAwMDA1MDgifQ==,CRE-cre000000000Ap0-giid-8afcc1c6-db6a-4774-b13d-58d07cc04081,CRE-00De0000005WwXvEAK-gpid-23f5b0e0-bc9d-4a8f-83d1-f30f47bdeb8a
eyJvcmRlck5vIjoiMDAwMDAxNDAiLCJzaXRlSWQiOiJSZWZBcmNoIn0=,CRE-cre000000000Ap0-giid-ce94461f-a866-4762-bfdb-0c07bc53800e,CRE-00De0000005WwXvEAK-gpid-5be80028-2950-4056-858e-caad988417f3
eyJvcmRlck5vIjoiMDAwMDAxMDUiLCJzaXRlSWQiOiJSZWZBcmNoIn0=,CRE-cre000000000Ap0-giid-f454cdb3-266c-4678-b651-14218c06a997,CRE-00De0000005WwXvEAK-gpid-d65ab37a-dad8-4a58-8e79-ce696e3ea433
eyJvcmRlck5vIjoiMDAwMDAwMTQiLCJzaXRlSWQiOiJSZWZBcmNoIn0=,CRE-cre000000000Ap0-giid-19e424fb-580a-445b-9dd2-a12a160c2a6d,CRE-00De0000005WwXvEAK-gpid-8ed1c527-ffa1-4733-988a-9b53a68da7a9
eyJvcmRlck5vIjoiMDAwMDAxMzciLCJzaXRlSWQiOiJSZWZBcmNoIn0=,CRE-cre000000000Ap0-giid-68973cf1-a7eb-45fa-8282-b653cb0ebeab,CRE-00De0000005WwXvEAK-gpid-9c82ec11-16a0-4669-97a1-9f0879447b9a
eyJvcmRlck5vIjoiMDAwMDAxMjgiLCJzaXRlSWQiOiJSZWZBcmNoIn0=,CRE-cre000000000Ap0-giid-82e2c4f0-808a-4dba-9119-d0ee48fc384a,CRE-00De0000005WwXvEAK-gpid-23f5b0e0-bc9d-4a8f-83d1-f30f47bdeb8a
eyJvcmRlck5vIjoiMDAwMDAwMTIiLCJzaXRlSWQiOiJSZWZBcmNoIn0=,CRE-cre000000000Ap0-giid-76d82119-4d59-4382-a2b5-c5d0ec0226d3,CRE-00De0000005WwXvEAK-gpid-598851e3-5ae5-4dba-87a2-bed7ee0c20b8
eyJvcmRlck5vIjoiMDAwMDAxNTQiLCJzaXRlSWQiOiJSZWZBcmNoIn0=,CRE-cre000000000Ap0-giid-f506d2f2-c9d8-4592-9677-e0f06c682b20,CRE-00De0000005WwXvEAK-gpid-0862a86b-6145-42be-a8ae-a04ad3235c85
eyJvcmRlck5vIjoiMDAwMDAwMDQiLCJzaXRlSWQiOiJSZWZBcmNoIn0=,CRE-cre000000000Ap0-giid-04a86934-726a-4c9e-82b3-94e47b2f8794,CRE-00De0000005WwXvEAK-gpid-81a56e70-f011-4640-b289-0ea6783be97f
eyJvcmRlck5vIjoiMDAwMDAwMTUiLCJzaXRlSWQiOiJSZWZBcmNoIn0=,CRE-cre000000000Ap0-giid-035a0f62-7e77-431c-a467-523b8aa58489,CRE-00De0000005WwXvEAK-gpid-43988d28-278b-4396-8b33-d78382e32983
eyJjdXN0b21lckxpc3RJZCI6IlJlZkFyY2giLCJjdXN0b21lck5vIjoiMDAwMDA1MDYifQ==,CRE-cre000000000Ap0-giid-4c0d76fa-aac0-48c7-bfb8-5ef6f166e52c,CRE-00De0000005WwXvEAK-gpid-14d0fd1c-81b1-4ca0-a9e9-c6b301fef00c
eyJjdXN0b21lckxpc3RJZCI6IlJlZkFyY2giLCJjdXN0b21lck5vIjoiMDAwMDA1MDIifQ==,CRE-cre000000000Ap0-giid-cbd231fd-92e8-4955-af8b-6561b8c8323a,CRE-00De0000005WwXvEAK-gpid-baf33984-38ea-4c73-9f4d-9b59a590b49c
eyJjdXN0b21lckxpc3RJZCI6IlJlZkFyY2giLCJjdXN0b21lck5vIjoiMDAwMDA1MDUifQ==,CRE-cre000000000Ap0-giid-0d47eb70-f914-44e1-9f5b-d3d55590c3ca,CRE-00De0000005WwXvEAK-gpid-5b982611-6de6-4325-a6cb-ad00bc632b54
eyJvcmRlck5vIjoiMDAwMDAwMDkiLCJzaXRlSWQiOiJSZWZBcmNoIn0=,CRE-cre000000000Ap0-giid-550e2bb1-9aea-4041-8e7e-c95e265388eb,CRE-00De0000005WwXvEAK-gpid-81a56e70-f011-4640-b289-0ea6783be97f
eyJvcmRlck5vIjoiMDAwMDAxNTMiLCJzaXRlSWQiOiJSZWZBcmNoIn0=,CRE-cre000000000Ap0-giid-6684bd44-5a79-4f5a-8b8e-fc73d403de08,CRE-00De0000005WwXvEAK-gpid-47c23154-1c2c-4f22-ad93-d2fe61f9eaf3
eyJvcmRlck5vIjoiMDAwMDAwMTAiLCJzaXRlSWQiOiJSZWZBcmNoIn0=,CRE-cre000000000Ap0-giid-55269878-ffbb-4d61-8d6d-53aa56faf7a7,CRE-00De0000005WwXvEAK-gpid-43988d28-278b-4396-8b33-d78382e32983
eyJjdXN0b21lckxpc3RJZCI6IlJlZkFyY2giLCJjdXN0b21lck5vIjoiMDAwMDAwMDQifQ==,CRE-cre000000000Ap0-giid-b5341496-cdb1-4519-a527-be7d72b79317,CRE-00De0000005WwXvEAK-gpid-43988d28-278b-4396-8b33-d78382e32983
eyJvcmRlck5vIjoiMDAwMDAxNDIiLCJzaXRlSWQiOiJSZWZBcmNoIn0=,CRE-cre000000000Ap0-giid-b02ea9d0-4711-4eef-a135-434c0a700ebe,CRE-00De0000005WwXvEAK-gpid-d0115546-fa88-4a3e-95c9-de5ba80aca15
eyJvcmRlck5vIjoiMDAwMDAxNTUiLCJzaXRlSWQiOiJSZWZBcmNoIn0=,CRE-cre000000000Ap0-giid-fee3000c-576b-4222-84b5-fb4c7856c8e0,CRE-00De0000005WwXvEAK-gpid-0862a86b-6145-42be-a8ae-a04ad3235c85
eyJjdXN0b21lckxpc3RJZCI6IlJlZkFyY2giLCJjdXN0b21lck5vIjoiMDAwMDA1MDMifQ==,CRE-cre000000000Ap0-giid-43818f7d-bd92-4121-8476-8b1c99a0b853,CRE-00De0000005WwXvEAK-gpid-deba8ae4-f4f2-4702-8abb-2a53f139bacf
eyJvcmRlck5vIjoiMDAwMDAxNDciLCJzaXRlSWQiOiJSZWZBcmNoIn0=,CRE-cre000000000Ap0-giid-3d6c51c5-7e90-43f4-962b-3026a59c7f91,CRE-00De0000005WwXvEAK-gpid-76e16f09-4d98-43fb-a607-7c2a5516a0b0
eyJvcmRlck5vIjoiMDAwMDAxMDciLCJzaXRlSWQiOiJSZWZBcmNoIn0=,CRE-cre000000000Ap0-giid-131ec850-b15d-4587-8089-791d022d95bd,CRE-00De0000005WwXvEAK-gpid-9ff1e0a8-ea85-4247-a207-4656f854021c
eyJvcmRlck5vIjoiMDAwMDAxMjMiLCJzaXRlSWQiOiJSZWZBcmNoIn0=,CRE-cre000000000Ap0-giid-bdef0027-b82b-4154-92d9-096d8d0eb15b,CRE-00De0000005WwXvEAK-gpid-84a888c2-b6ba-46d8-8232-a73580e4cb0d
eyJvcmRlck5vIjoiMDAwMDAxMTAiLCJzaXRlSWQiOiJSZWZBcmNoIn0=,CRE-cre000000000Ap0-giid-d814cee1-1b22-4d5f-9f3e-18c1ad114e83,CRE-00De0000005WwXvEAK-gpid-9617ebfc-b71b-47af-acf2-c5379ef56bf8
eyJjdXN0b21lckxpc3RJZCI6IlJlZkFyY2giLCJjdXN0b21lck5vIjoiMDAwMDA1MTEifQ==,CRE-cre000000000Ap0-giid-b7d98bb4-4415-4882-9617-365f7b3c62ee,CRE-00De0000005WwXvEAK-gpid-9c82ec11-16a0-4669-97a1-9f0879447b9a
eyJvcmRlck5vIjoiMDAwMDAxMjEiLCJzaXRlSWQiOiJSZWZBcmNoIn0=,CRE-cre000000000Ap0-giid-ebdb48a4-b99f-4f1a-9015-a6448404e915,CRE-00De0000005WwXvEAK-gpid-14d0fd1c-81b1-4ca0-a9e9-c6b301fef00c
eyJvcmRlck5vIjoiMDAwMDAxMDgiLCJzaXRlSWQiOiJSZWZBcmNoIn0=,CRE-cre000000000Ap0-giid-2a5869ce-23f9-43ad-bf66-9eb2166131f5,CRE-00De0000005WwXvEAK-gpid-9617ebfc-b71b-47af-acf2-c5379ef56bf8
eyJjdXN0b21lckxpc3RJZCI6IlJlZkFyY2giLCJjdXN0b21lck5vIjoiMDAwMDA1MDcifQ==,CRE-cre000000000Ap0-giid-42c6d79e-0bac-4bec-924c-e13d01e557ee,CRE-00De0000005WwXvEAK-gpid-84a888c2-b6ba-46d8-8232-a73580e4cb0d
eyJvcmRlck5vIjoiMDAwMDAxMTQiLCJzaXRlSWQiOiJSZWZBcmNoIn0=,CRE-cre000000000Ap0-giid-55b73917-60d0-4394-98d4-c2ae4380ed36,CRE-00De0000005WwXvEAK-gpid-2310937e-3792-4e3f-9713-0e56d15f073c
eyJvcmRlck5vIjoiMDAwMDAxNjEiLCJzaXRlSWQiOiJSZWZBcmNoIn0=,CRE-cre000000000Ap0-giid-b16719ae-e9b6-4e55-9620-57de69afa17b,CRE-00De0000005WwXvEAK-gpid-ca8322ff-34b1-4ee4-8337-07641ef1be41
eyJvcmRlck5vIjoiMDAwMDAxMDIiLCJzaXRlSWQiOiJSZWZBcmNoIn0=,CRE-cre000000000Ap0-giid-7c387eec-8e29-4c27-a000-22d944218b17,CRE-00De0000005WwXvEAK-gpid-9617ebfc-b71b-47af-acf2-c5379ef56bf8
eyJjdXN0b21lckxpc3RJZCI6IlJlZkFyY2giLCJjdXN0b21lck5vIjoiMDAwMDA1MDQifQ==,CRE-cre000000000Ap0-giid-b5e0976c-8759-47da-b4dc-4660d525fbe2,CRE-00De0000005WwXvEAK-gpid-65a611ce-c17a-414d-98b7-0697f5525032
eyJjdXN0b21lckxpc3RJZCI6IlJlZkFyY2giLCJjdXN0b21lck5vIjoiMDAwMDA1MTcifQ==,CRE-cre000000000Ap0-giid-d517ba18-beed-4e04-bdda-6e7b83c31ad4,CRE-00De0000005WwXvEAK-gpid-87c7f126-615f-4095-923c-91331e7d6645
eyJvcmRlck5vIjoiMDAwMDAxMTUiLCJzaXRlSWQiOiJSZWZBcmNoIn0=,CRE-cre000000000Ap0-giid-3606e512-45a4-48cb-b2f3-684651cb5760,CRE-00De0000005WwXvEAK-gpid-53e47b75-4dcd-423e-bad6-7772e3a18ea2
eyJvcmRlck5vIjoiMDAwMDAwMTMiLCJzaXRlSWQiOiJSZWZBcmNoIn0=,CRE-cre000000000Ap0-giid-747e52fb-bd65-4efd-a1a1-2054b1a28b4a,CRE-00De0000005WwXvEAK-gpid-598851e3-5ae5-4dba-87a2-bed7ee0c20b8
